{
  "mean_claim": 5877.243190476191,
  "p50_claim": 5055.84,
  "p75_claim": 7400.3825,
  "p95_claim": 17308.121,
  "p99_claim": 20637.474600000005,
  "p95_procedures": 9.0,
  "p95_days": 12.0,
  "patient_avg_claim": 5877.243190476191
}