{
  "mean_claim": 6940.149052000001,
  "p50_claim": 4620.875,
  "p75_claim": 6782.3475,
  "p95_claim": 31229.027499999942,
  "p99_claim": 46078.2635,
  "p95_procedures": 14.0,
  "p95_days": 18.0,
  "patient_avg_claim": 6940.149052000001
}